{"historical_stocks_data":{
    "pullReplicas":"0",
    "replicationFactor":"1",
    "shards":{
      "shard1":{
        "range":"80000000-ffffffff",
        "state":"active",
        "replicas":{"core_node3":{
            "core":"historical_stocks_data_shard1_replica_n1",
            "base_url":"http://192.168.0.100:8983/solr",
            "node_name":"192.168.0.100:8983_solr",
            "state":"active",
            "type":"NRT",
            "leader":"true"}}},
      "shard2":{
        "range":"0-7fffffff",
        "state":"active",
        "replicas":{"core_node4":{
            "core":"historical_stocks_data_shard2_replica_n2",
            "base_url":"http://192.168.0.100:8983/solr",
            "node_name":"192.168.0.100:8983_solr",
            "state":"active",
            "type":"NRT",
            "leader":"true"}}}},
    "router":{"name":"compositeId"},
    "maxShardsPerNode":"2",
    "autoAddReplicas":"false",
    "nrtReplicas":"1",
    "tlogReplicas":"0"}}